{
  "replace": false,
  "values": [
    {"id": "endermanoverhaul:end_enderman", "required": false},
    {"id": "endermanoverhaul:end_islands_enderman", "required": false},
    {"id": "betterend:shadow_walker", "required": false},
    {"id": "betterend:end_slime", "required": false},
    {"id": "bygonenether:warped_enderman", "required": false},
    {"id": "born_in_chaos_v1:phantom_creeper", "required": false},
    {"id": "born_in_chaos_v1:phantom_creeper_copy", "required": false},
    {"id": "unusualend:dragling", "required": false},
    {"id": "unusualend:undead_dragling", "required": false},
    {"id": "dungeons_mobs:blastling", "required": false},
    {"id": "dungeons_mobs:watchling", "required": false},
    {"id": "dungeons_mobs:snareling", "required": false},
    {"id": "witherstormmod:sickened_creeper", "required": false},
    {"id": "witherstormmod:sickened_spider", "required": false},
    {"id": "witherstormmod:sickened_zombie", "required": false}
  ]
}