{
  "replace": false,
  "values": [
    {"id": "endermanoverhaul:crimson_forest_enderman", "required": false},
    {"id": "endermanoverhaul:nether_wastes_enderman", "required": false},
    {"id": "endermanoverhaul:soulsand_valley_enderman", "required": false},
    {"id": "endermanoverhaul:warped_forest_enderman", "required": false},
    {"id": "betternether:skull", "required": false},
    {"id": "betternether:jungle_skeleton", "required": false},
    {"id": "skeletalremains:charredskeleton", "required": false},
    {"id": "bygonenether:wex", "required": false},
    {"id": "bygonenether:warped_enderman", "required": false},
    {"id": "bygonenether:wraither", "required": false},
    {"id": "bygonenether:corpor", "required": false},
    {"id": "born_in_chaos_v1:seared_spirit", "required": false},
    {"id": "born_in_chaos_v1:seared_spirit_not_despawn", "required": false},
    {"id": "born_in_chaos_v1:bone_imp", "required": false},
    {"id": "born_in_chaos_v1:scarlet_persecutor", "required": false},
    {"id": "born_in_chaos_v1:skeleton_demoman", "required": false},
    {"id": "netherexp:wisp", "required": false},
    {"id": "netherexp:apparition", "required": false},
    {"id": "netherexp:ecto_slab", "required": false},
    {"id": "rottencreatures:burned", "required": false},
    {"id": "soulsweapons:forlorn", "required": false},
    {"id": "soulsweapons:evil_forlorn", "required": false},
    {"id": "stalwart_dungeons:incomplete_wither", "required": false},
    {"id": "dungeons_mobs:fungus_thrower", "required": false},
    {"id": "dungeons_mobs:zombified_fungus_thrower", "required": false},
    {"id": "frycmobvariants:infected_piglin", "required": false},
    {"id": "frycmobvariants:soul_stealer", "required": false},
    {"id": "frycmobvariants:lava_slime", "required": false},
    {"id": "nemos-creatures:crimson_skeleton", "required": false},
    {"id": "nemos-creatures:warped_skeleton", "required": false},
    {"id": "luminous_nether:zombie_piglin_cultist", "required": false},
    {"id": "luminous_nether:zombie_piglin_cultist_leader", "required": false},
    {"id": "luminous_nether:crimson_walker", "required": false},
    {"id": "luminous_nether:revenant_skeleton", "required": false}
  ]
}