{
  "replace": false,
  "values": [
    "minecraft:air",
    "minecraft:cave_air",
    "minecraft:void_air",
    "minecraft:barrier",
    "minecraft:structure_void",
    {"id": "minecraft:light", "required": false},
    "minecraft:water",
    "minecraft:snow",
    "minecraft:chest",
    "minecraft:trapped_chest",
    "minecraft:ender_chest",
    {"id": "#minecraft:copper_chests", "required": false},
    {"id": "#c:chests", "required": false},
    "minecraft:barrel",
    {"id": "#c:barrels", "required": false},
    "minecraft:hopper",
    "minecraft:beacon",
    "minecraft:furnace",
    "minecraft:blast_furnace",
    "minecraft:smoker",
    {"id": "#c:player_workstations/furnaces", "required": false},
    {"id": "#c:villager_job_sites", "required": false},
    {"id": "#minecraft:fence_gates", "required": false},
    {"id": "#c:fence_gates", "required": false},
    {"id": "#c:skulls", "required": false}
  ]
}
