{
  "replace": false,
  "values": [
    "minecraft:air",
    "minecraft:cave_air",
    {"id": "minecraft:light", "required": false},
    "minecraft:moving_piston",
    "minecraft:structure_void",
    "minecraft:water",
    "minecraft:bubble_column",
    "#minecraft:corals",
    "#minecraft:wall_corals",
    "#spawnanimations:dead_corals",
    "minecraft:sea_pickle",
    "minecraft:kelp_plant",
    "#minecraft:saplings",
    "minecraft:bamboo_sapling",
    "#minecraft:flowers",
    {"id": "#c:flowers", "required": false},
    "#minecraft:flower_pots",
    "#minecraft:crops",
    {"id": "#c:crops", "required": false},
    {"id": "minecraft:pitcher_crop", "required": false},
    "minecraft:cocoa",
    "minecraft:sweet_berry_bush",
    "minecraft:nether_wart",
    "minecraft:crimson_fungus",
    "minecraft:crimson_roots",
    "minecraft:warped_fungus",
    "minecraft:warped_roots",
    "minecraft:nether_sprouts",
    "minecraft:brown_mushroom",
    "minecraft:red_mushroom",
    "minecraft:snow",
    {"id": "minecraft:grass", "required": false},
    {"id": "minecraft:short_grass", "required": false},
    {"id": "#c:grass", "required": false},
    "minecraft:tall_grass",
    "minecraft:sunflower",
    "minecraft:lilac",
    "minecraft:peony",
    "minecraft:rose_bush",
    "minecraft:large_fern",
    "minecraft:fern",
    "minecraft:lily_pad",
    "minecraft:vine",
    "minecraft:moss_carpet",
    "minecraft:big_dripleaf_stem",
    "minecraft:small_dripleaf",
    "minecraft:dead_bush",
    {"id": "#minecraft:inside_step_sound_blocks", "required": false},
    "minecraft:torch",
    "minecraft:wall_torch",
    "minecraft:soul_torch",
    "minecraft:soul_wall_torch",
    "minecraft:redstone_torch",
    "minecraft:redstone_wall_torch",
    {"id": "minecraft:copper_torch", "required": false},
    {"id": "minecraft:copper_wall_torch", "required": false},
    "minecraft:pointed_dripstone",
    "minecraft:small_amethyst_bud",
    "#minecraft:candles",
    {"id": "minecraft:chain", "required": false},
    {"id": "#minecraft:chains", "required": false},
    {"id": "#c:chains", "required": false},
    "minecraft:ladder",
    "minecraft:fire",
    "#minecraft:banners",
    "minecraft:campfire",
    "minecraft:lantern",
    {"id": "#minecraft:lanterns", "required": false},
    "minecraft:redstone_wire",
    "minecraft:lever",
    "minecraft:tripwire",
    "minecraft:tripwire_hook",
    "minecraft:comparator",
    "minecraft:repeater",
    "#minecraft:pressure_plates",
    "#minecraft:buttons",
    "#minecraft:rails",
    "#minecraft:doors",
    {"id": "#minecraft:wool_carpets", "required": false},
    "minecraft:cobweb",
    "#minecraft:signs",
    "#minecraft:portals",
    "#minecraft:trapdoors",
    "minecraft:sugar_cane",
    "minecraft:composter",
    "#minecraft:climbable"
  ]
}
