{
  "replace": false,
  "values": [
    {"id": "deeperdarker:sludge", "required": false},
    {"id": "graveyard:reaper", "required": false},
    {"id": "graveyard:wraith", "required": false},
    {"id": "frostiful:biter", "required": false},
    {"id": "betternether:skull", "required": false},
    {"id": "betterend:end_slime", "required": false},
    {"id": "betterend:shadow_walker", "required": false},
    {"id": "yungscavebiomes:ice_cube", "required": false},
    {"id": "the_bumblezone:honey_slime", "required": false},
    {"id": "aether:blue_swet", "required": false},
    {"id": "aether:golden_swet", "required": false},
    {"id": "aether:sentry", "required": false},
    {"id": "bygonenether:wex", "required": false},
    {"id": "dungeonnowloading:hollow", "required": false},
    {"id": "dungeonnowloading:whimper", "required": false},
    {"id": "biomemakeover:ghost", "required": false},
    {"id": "bewitchment:ghost", "required": false},
    {"id": "born_in_chaos_v1:restless_spirit", "required": false},
    {"id": "born_in_chaos_v1:scarlet_persecutor", "required": false},
    {"id": "born_in_chaos_v1:phantom_creeper_copy", "required": false},
    {"id": "born_in_chaos_v1:seared_spirit_not_despawn", "required": false},
    {"id": "born_in_chaos_v1:mr_pumpkin", "required": false},
    {"id": "born_in_chaos_v1:mrs_pumpkin", "required": false},
    {"id": "born_in_chaos_v1:senor_pumpkin", "required": false},
    {"id": "born_in_chaos_v1:pumpkin_bomb", "required": false},
    {"id": "undergarden:muncher", "required": false},
    {"id": "knightquest:ghosty", "required": false},
    {"id": "netherexp:wisp", "required": false},
    {"id": "netherexp:apparition", "required": false},
    {"id": "netherexp:ecto_slab", "required": false},
    {"id": "sons_of_sins:curse", "required": false},
    {"id": "iceandfire:ghost", "required": false},
    {"id": "alexsmobs:underminer", "required": false},
    {"id": "alexsmobs:mimicube", "required": false},
    {"id": "soulsweapons:soul_reaper_ghost", "required": false},
    {"id": "aether_redux:vanilla_swet", "required": false},
    {"id": "unusualend:dragling", "required": false},
    {"id": "unusualend:undead_enderling", "required": false},
    {"id": "dungeons_mobs:wraith", "required": false},
    {"id": "frycmobvariants:toxic_slime", "required": false},
    {"id": "frycmobvariants:lava_slime", "required": false},
    {"id": "alexscaves:ferrouslime", "required": false},
    {"id": "alexscaves:caramel_cube", "required": false},
    {"id": "luminous_nether:piglin_ghost", "required": false},
    {"id": "luminous_nether:spirit", "required": false},
    {"id": "luminous_nether:guzzleghast", "required": false},
    {"id": "luminous_nether:ember", "required": false},
    {"id": "luminous_nether:soul_ember", "required": false},
    {"id": "luminous_nether:revenant_skeleton", "required": false},
    {"id": "luminous_beasts:ember", "required": false},
    {"id": "luminous_beasts:soul_ember", "required": false}
  ]
}