{
  "replace": false,
  "values": [
    {"id": "creeperoverhaul:jungle_creeper", "required": false},
    {"id": "creeperoverhaul:bamboo_creeper", "required": false},
    {"id": "creeperoverhaul:desert_creeper", "required": false},
    {"id": "creeperoverhaul:badlands_creeper", "required": false},
    {"id": "creeperoverhaul:hills_creeper", "required": false},
    {"id": "creeperoverhaul:savannah_creeper", "required": false},
    {"id": "creeperoverhaul:mushroom_creeper", "required": false},
    {"id": "creeperoverhaul:swamp_creeper", "required": false},
    {"id": "creeperoverhaul:dripstone_creeper", "required": false},
    {"id": "creeperoverhaul:cave_creeper", "required": false},
    {"id": "creeperoverhaul:dark_oak_creeper", "required": false},
    {"id": "creeperoverhaul:spruce_creeper", "required": false},
    {"id": "creeperoverhaul:beach_creeper", "required": false},
    {"id": "creeperoverhaul:snowy_creeper", "required": false},
    {"id": "endermanoverhaul:badlands_enderman", "required": false},
    {"id": "endermanoverhaul:cave_enderman", "required": false},
    {"id": "endermanoverhaul:crimson_forest_enderman", "required": false},
    {"id": "endermanoverhaul:dark_oak_enderman", "required": false},
    {"id": "endermanoverhaul:desert_enderman", "required": false},
    {"id": "endermanoverhaul:end_enderman", "required": false},
    {"id": "endermanoverhaul:end_islands_enderman", "required": false},
    {"id": "endermanoverhaul:flower_fields_enderman", "required": false},
    {"id": "endermanoverhaul:ice_spikes_enderman", "required": false},
    {"id": "endermanoverhaul:mushroom_fields_enderman", "required": false},
    {"id": "endermanoverhaul:nether_wastes_enderman", "required": false},
    {"id": "endermanoverhaul:coral_enderman", "required": false},
    {"id": "endermanoverhaul:savanna_enderman", "required": false},
    {"id": "endermanoverhaul:snowy_enderman", "required": false},
    {"id": "endermanoverhaul:soulsand_valley_enderman", "required": false},
    {"id": "endermanoverhaul:swamp_enderman", "required": false},
    {"id": "endermanoverhaul:warped_forest_enderman", "required": false},
    {"id": "endermanoverhaul:windswept_hills_enderman", "required": false},
    {"id": "deeperdarker:sculk_centipede", "required": false},
    {"id": "deeperdarker:sculk_leech", "required": false},
    {"id": "deeperdarker:shattered", "required": false},
    {"id": "graveyard:skeleton_creeper", "required": false},
    {"id": "graveyard:revenant", "required": false},
    {"id": "graveyard:nightmare", "required": false},
    {"id": "ad_astra:sulfur_creeper", "required": false},
    {"id": "ad_astra:corrupted_lunarian", "required": false},
    {"id": "skeletalremains:overgrownskeleton", "required": false},
    {"id": "skeletalremains:sharpshooterskeleton", "required": false},
    {"id": "skeletalremains:charredskeleton", "required": false},
    {"id": "skeletalremains:fallenskeleton", "required": false},
    {"id": "skeletalremains:swampedskeleton", "required": false},
    {"id": "skeletalremains:desertedskeleton", "required": false},
    {"id": "skeletalremains:sunkenskeleton", "required": false},
    {"id": "galosphere:preserved", "required": false},
    {"id": "paradise_lost:envoy", "required": false},
    {"id": "variantsandventures:gelid", "required": false},
    {"id": "variantsandventures:murk", "required": false},
    {"id": "variantsandventures:thicket", "required": false},
    {"id": "variantsandventures:verdant", "required": false},
    {"id": "betternether:jungle_skeleton", "required": false},
    {"id": "bygonenether:warped_enderman", "required": false},
    {"id": "bygonenether:wraither", "required": false},
    {"id": "bygonenether:corpor", "required": false},
    {"id": "aquamirae:tortured_soul", "required": false},
    {"id": "biomemakeover:decayed", "required": false},
    {"id": "bewitchment:vampire", "required": false}, 
    {"id": "born_in_chaos_v1:decrepit_skeleton", "required": false},
    {"id": "born_in_chaos_v1:skeleton_demoman", "required": false},
    {"id": "born_in_chaos_v1:baby_skeleton", "required": false},
    {"id": "born_in_chaos_v1:bone_imp", "required": false},
    {"id": "born_in_chaos_v1:phantom_creeper", "required": false},
    {"id": "born_in_chaos_v1:siamese_skeletons", "required": false},
    {"id": "born_in_chaos_v1:bonescaller", "required": false},
    {"id": "born_in_chaos_v1:supreme_bonescaller", "required": false},
    {"id": "born_in_chaos_v1:spirit_guide", "required": false},
    {"id": "born_in_chaos_v1:decaying_zombie", "required": false},
    {"id": "born_in_chaos_v1:barrel_zombie", "required": false},
    {"id": "born_in_chaos_v1:door_knight", "required": false},
    {"id": "born_in_chaos_v1:zombie_clown", "required": false},
    {"id": "born_in_chaos_v1:zombie_fisherman", "required": false},
    {"id": "born_in_chaos_v1:zombie_lumberjack", "required": false},
    {"id": "born_in_chaos_v1:swarmer", "required": false},
    {"id": "born_in_chaos_v1:baby_spider", "required": false},
    {"id": "born_in_chaos_v1:mother_spider", "required": false},
    {"id": "born_in_chaos_v1:pumpkin_spirit", "required": false},
    {"id": "born_in_chaos_v1:seared_spirit", "required": false},
    {"id": "undergarden:rotling", "required": false},
    {"id": "undergarden:rotwalker", "required": false},
    {"id": "undergarden:forgotten", "required": false},
    {"id": "caverns_and_chasms:deeper", "required": false},
    {"id": "caverns_and_chasms:peeper", "required": false},
    {"id": "caverns_and_chasms:mime", "required": false},
    {"id": "knightquest:swampman", "required": false},
    {"id": "knightquest:fallen_knight", "required": false},
    {"id": "netherexp:vessel", "required": false},
    {"id": "sons_of_sins:gulber", "required": false},
    {"id": "sons_of_sins:guzzler", "required": false},
    {"id": "sons_of_sins:kelvin", "required": false},
    {"id": "sons_of_sins:butcher", "required": false},
    {"id": "rottencreatures:burned", "required": false},
    {"id": "rottencreatures:frostbitten", "required": false},
    {"id": "rottencreatures:swampy", "required": false},
    {"id": "rottencreatures:undead_miner", "required": false},
    {"id": "rottencreatures:mummy", "required": false},
    {"id": "rottencreatures:glacial_hunter", "required": false},
    {"id": "rottencreatures:immortal", "required": false},
    {"id": "rottencreatures:zap", "required": false},
    {"id": "rottencreatures:skeleton_lackey", "required": false},
    {"id": "rottencreatures:zombie_lackey", "required": false},
    {"id": "blue_skies:armored_frost_spirit", "required": false},
    {"id": "blue_skies:nested_spider", "required": false},
    {"id": "blue_skies:venom_spider", "required": false},
    {"id": "underground_jungle:jungle_zombie", "required": false},
    {"id": "underground_jungle:mossy_skeleton", "required": false},
    {"id": "cataclysm:royal_draugr", "required": false},
    {"id": "cataclysm:draugr", "required": false},
    {"id": "cataclysm:elite_draugr", "required": false},
    {"id": "cataclysm:deepling", "required": false},
    {"id": "cataclysm:deepling_angler", "required": false},
    {"id": "cataclysm:deepling_brute", "required": false},
    {"id": "cataclysm:deepling_warlock", "required": false},
    {"id": "cataclysm:deepling_priest", "required": false},
    {"id": "soulsweapons:remnant", "required": false},
    {"id": "soulsweapons:dark_sorcerer", "required": false},
    {"id": "soulsweapons:forlorn", "required": false},
    {"id": "soulsweapons:evil_forlorn", "required": false},
    {"id": "monsterplus:spectral_skeleton", "required": false},
    {"id": "monsterplus:glow_skeleton", "required": false},
    {"id": "monsterplus:overgrown_skeleton", "required": false},
    {"id": "monsterplus:swamp_zombie", "required": false},
    {"id": "monsterplus:crystal_zombie", "required": false},
    {"id": "stalwart_dungeons:incomplete_wither", "required": false},
    {"id": "dungeons_mobs:jungle_zombie", "required": false},
    {"id": "dungeons_mobs:frozen_zombie", "required": false},
    {"id": "dungeons_mobs:mossy_skeleton", "required": false},
    {"id": "dungeons_mobs:skeleton_vanguard", "required": false},
    {"id": "dungeons_mobs:icy_creeper", "required": false},
    {"id": "dungeons_mobs:sunken_skeleton", "required": false},
    {"id": "dungeons_mobs:blastling", "required": false},
    {"id": "dungeons_mobs:watchling", "required": false},
    {"id": "dungeons_mobs:snareling", "required": false},
    {"id": "dungeons_mobs:fungus_thrower", "required": false},
    {"id": "dungeons_mobs:zombified_fungus_thrower", "required": false},
    {"id": "enemyexpansion:sprinter", "required": false},
    {"id": "enemyexpansion:slugger", "required": false},
    {"id": "enemyexpansion:tarantula", "required": false},
    {"id": "enemyexpansion:huntsman", "required": false},
    {"id": "enemyexpansion:starved", "required": false},
    {"id": "enemyexpansion:vampire", "required": false},
    {"id": "enemyexpansion:silverqueen", "required": false},
    {"id": "frycmobvariants:forgotten", "required": false},
    {"id": "frycmobvariants:undead_warrior", "required": false},
    {"id": "frycmobvariants:armored_spider", "required": false},
    {"id": "frycmobvariants:cave_creeper", "required": false},
    {"id": "frycmobvariants:explorer", "required": false},
    {"id": "frycmobvariants:bloated_corpse", "required": false},
    {"id": "frycmobvariants:tropical_spider", "required": false},
    {"id": "frycmobvariants:frozen_zombie", "required": false},
    {"id": "frycmobvariants:corsair", "required": false},
    {"id": "frycmobvariants:infected_piglin", "required": false},
    {"id": "frycmobvariants:soul_stealer", "required": false},
    {"id": "alexscaves:gumbeeper", "required": false},
    {"id": "spider_caves:black_recluse", "required": false},
    {"id": "witherstormmod:sickened_creeper", "required": false},
    {"id": "witherstormmod:sickened_spider", "required": false},
    {"id": "witherstormmod:sickened_zombie", "required": false},
    {"id": "nemos-creatures:venomous_skeleton", "required": false},
    {"id": "nemos-creatures:venomous_spider", "required": false},
    {"id": "nemos-creatures:venomous_zombie", "required": false},
    {"id": "nemos-creatures:venomous_creeper", "required": false},
    {"id": "nemos-creatures:scorched_skeleton", "required": false},
    {"id": "nemos-creatures:sand_spider", "required": false},
    {"id": "nemos-creatures:mummy", "required": false},
    {"id": "nemos-creatures:scorched_creeper", "required": false},
    {"id": "nemos-creatures:crimson_skeleton", "required": false},
    {"id": "nemos-creatures:warped_skeleton", "required": false},
    {"id": "nemos-creatures:snowy_skeleton", "required": false},
    {"id": "nemos-creatures:snowy_spider", "required": false},
    {"id": "nemos-creatures:snow_spider", "required": false},
    {"id": "nemos-creatures:snowy_creeper", "required": false},
    {"id": "nemos-creatures:snowy_zombie", "required": false},
    {"id": "nemos-creatures:frozen_skeleton", "required": false},
    {"id": "nemos-creatures:frozen_creeper", "required": false},
    {"id": "nemos-creatures:frozen_spider", "required": false},
    {"id": "nemos-creatures:ice_spider", "required": false},
    {"id": "nemos-creatures:frozen_zombie", "required": false},
    {"id": "zombiesmore:tank_zombie", "required": false},
    {"id": "zombiesmore:boomer_zombie", "required": false},
    {"id": "zombiesmore:cursed_zombie", "required": false},
    {"id": "zombiesmore:explosive_zombie", "required": false},
    {"id": "tinyskeletons:baby_skeleton", "required": false},
    {"id": "tinyskeletons:baby_stray", "required": false},
    {"id": "tinyskeletons:baby_wither_skeleton", "required": false},
    {"id": "luminousworld:miner_zombie", "required": false},
    {"id": "luminousworld:miner_skeleton", "required": false},
    {"id": "luminousworld:frigid_zombie", "required": false},
    {"id": "luminousworld:frigid_skeleton", "required": false},
    {"id": "luminousworld:sunken_skeleton", "required": false},
    {"id": "luminousworld:hollow", "required": false},
    {"id": "luminousworld:swamp_zombie", "required": false},
    {"id": "luminousworld:swamp_skeleton", "required": false},
    {"id": "luminousworld:savannah_zombie", "required": false},
    {"id": "luminousworld:savannah_skeleton", "required": false},
    {"id": "luminousworld:dark_oak_zombie", "required": false},
    {"id": "luminousworld:dark_oak_skeleton", "required": false},
    {"id": "luminousworld:cherry_zombie", "required": false},
    {"id": "luminousworld:cherry_skeleton", "required": false},
    {"id": "luminousworld:auburn_zombie", "required": false},
    {"id": "luminousworld:auburn_skeleton", "required": false},
    {"id": "luminous_nether:zombie_piglin_cultist", "required": false},
    {"id": "luminous_nether:zombie_piglin_cultist_leader", "required": false},
    {"id": "luminous_nether:crimson_walker", "required": false},
    {"id": "luminous_nether:revenant_skeleton", "required": false},
    {"id": "luminous_beasts:mummy", "required": false},
    {"id": "luminous_beasts:red_mummy", "required": false},
    {"id": "luminous_beasts:pumpkin_minion", "required": false},
    {"id": "luminous_beasts:scarecrow_minion", "required": false},
    {"id": "luminous_monsters:miner_zombie", "required": false},
    {"id": "luminous_monsters:miner_skeleton", "required": false},
    {"id": "luminous_monsters:frigid_zombie", "required": false},
    {"id": "luminous_monsters:frigid_skeleton", "required": false},
    {"id": "luminous_monsters:sunken_skeleton", "required": false},
    {"id": "luminous_monsters:hollow", "required": false},
    {"id": "luminous_monsters:swamp_zombie", "required": false},
    {"id": "luminous_monsters:swamp_skeleton", "required": false},
    {"id": "luminous_monsters:savannah_zombie", "required": false},
    {"id": "luminous_monsters:savannah_skeleton", "required": false},
    {"id": "luminous_monsters:dark_oak_zombie", "required": false},
    {"id": "luminous_monsters:dark_oak_skeleton", "required": false},
    {"id": "luminous_monsters:cherry_zombie", "required": false},
    {"id": "luminous_monsters:cherry_skeleton", "required": false},
    {"id": "luminous_monsters:auburn_zombie", "required": false},
    {"id": "luminous_monsters:auburn_skeleton", "required": false}
  ]
}