{
  "replace": false,
  "values": [
    {"id": "graveyard:skeleton_creeper", "required": false},
    {"id": "graveyard:reaper", "required": false},
    {"id": "graveyard:revenant", "required": false},
    {"id": "graveyard:wraith", "required": false},
    {"id": "graveyard:nightmare", "required": false},
    {"id": "endermanoverhaul:badlands_enderman", "required": false},
    {"id": "endermanoverhaul:cave_enderman", "required": false},
    {"id": "endermanoverhaul:crimson_forest_enderman", "required": false},
    {"id": "endermanoverhaul:dark_oak_enderman", "required": false},
    {"id": "endermanoverhaul:desert_enderman", "required": false},
    {"id": "endermanoverhaul:end_enderman", "required": false},
    {"id": "endermanoverhaul:end_islands_enderman", "required": false},
    {"id": "endermanoverhaul:flower_fields_enderman", "required": false},
    {"id": "endermanoverhaul:ice_spikes_enderman", "required": false},
    {"id": "endermanoverhaul:nether_wastes_enderman", "required": false},
    {"id": "endermanoverhaul:coral_enderman", "required": false},
    {"id": "endermanoverhaul:savanna_enderman", "required": false},
    {"id": "endermanoverhaul:snowy_enderman", "required": false},
    {"id": "endermanoverhaul:soulsand_valley_enderman", "required": false},
    {"id": "endermanoverhaul:swamp_enderman", "required": false},
    {"id": "endermanoverhaul:warped_forest_enderman", "required": false},
    {"id": "endermanoverhaul:windswept_hills_enderman", "required": false},
    {"id": "skeletalremains:swampedskeleton", "required": false},
    {"id": "skeletalremains:desertedskeleton", "required": false},
    {"id": "bygonenether:warped_enderman", "required": false},
    {"id": "bygonenether:wraither", "required": false},
    {"id": "aquamirae:tortured_soul", "required": false},
    {"id": "knightquest:swampman", "required": false},
    {"id": "netherexp:vessel", "required": false},
    {"id": "rottencreatures:burned", "required": false},
    {"id": "frycmobvariants:armored_spider", "required": false},
    {"id": "frycmobvariants:tropical_spider", "required": false},
    {"id": "spider_caves:black_recluse", "required": false},
    {"id": "nemos-creatures:crimson_skeleton", "required": false},
    {"id": "nemos-creatures:frozen_skeleton", "required": false},
    {"id": "nemos-creatures:frozen_spider", "required": false},
    {"id": "nemos-creatures:ice_spider", "required": false},
    {"id": "nemos-creatures:sand_spider", "required": false},
    {"id": "nemos-creatures:snow_spider", "required": false},
    {"id": "nemos-creatures:snowy_skeleton", "required": false},
    {"id": "nemos-creatures:snowy_spider", "required": false},
    {"id": "nemos-creatures:venomous_spider", "required": false},
    {"id": "nemos-creatures:warped_skeleton", "required": false},
    {"id": "betternether:skull", "required": false},
    {"id": "aether:sentry", "required": false},
    {"id": "bygonenether:wex", "required": false},
    {"id": "bewitchment:ghost", "required": false},
    {"id": "netherexp:wisp", "required": false},
    {"id": "netherexp:apparition", "required": false},
    {"id": "netherexp:ecto_slab", "required": false},
    {"id": "born_in_chaos_v1:bone_imp", "required": false},
    {"id": "born_in_chaos_v1:phantom_creeper", "required": false},
    {"id": "born_in_chaos_v1:phantom_creeper_copy", "required": false},
    {"id": "born_in_chaos_v1:baby_spider", "required": false},
    {"id": "born_in_chaos_v1:mother_spider", "required": false},
    {"id": "born_in_chaos_v1:seared_spirit", "required": false},
    {"id": "born_in_chaos_v1:seared_spirit_not_despawn", "required": false},
    {"id": "born_in_chaos_v1:mr_pumpkin", "required": false},
    {"id": "born_in_chaos_v1:mrs_pumpkin", "required": false},
    {"id": "born_in_chaos_v1:senor_pumpkin", "required": false},
    {"id": "born_in_chaos_v1:pumpkin_bomb", "required": false},
    {"id": "undergarden:rotling", "required": false},
    {"id": "undergarden:rotwalker", "required": false},
    {"id": "undergarden:forgotten", "required": false},
    {"id": "undergarden:muncher", "required": false},
    {"id": "sons_of_sins:kelvin", "required": false},
    {"id": "sons_of_sins:butcher", "required": false},
    {"id": "sons_of_sins:curse", "required": false},
    {"id": "blue_skies:nested_spider", "required": false},
    {"id": "blue_skies:venom_spider", "required": false},
    {"id": "cataclysm:royal_draugr", "required": false},
    {"id": "cataclysm:draugr", "required": false},
    {"id": "cataclysm:elite_draugr", "required": false},
    {"id": "cataclysm:deepling", "required": false},
    {"id": "cataclysm:deepling_angler", "required": false},
    {"id": "cataclysm:deepling_brute", "required": false},
    {"id": "cataclysm:deepling_warlock", "required": false},
    {"id": "cataclysm:deepling_priest", "required": false},
    {"id": "monsterplus:spectral_skeleton", "required": false},
    {"id": "monsterplus:glow_skeleton", "required": false},
    {"id": "monsterplus:overgrown_skeleton", "required": false},
    {"id": "monsterplus:swamp_zombie", "required": false},
    {"id": "monsterplus:crystal_zombie", "required": false},
    {"id": "enemyexpansion:vampire", "required": false},
    {"id": "witherstormmod:sickened_creeper", "required": false},
    {"id": "witherstormmod:sickened_spider", "required": false},
    {"id": "witherstormmod:sickened_zombie", "required": false},
    {"id": "iceandfire:ghost", "required": false},
    {"id": "alexsmobs:underminer", "required": false},
    {"id": "alexscaves:ferrouslime", "required": false},
    {"id": "unusualend:dragling", "required": false},
    {"id": "dungeons_mobs:blastling", "required": false},
    {"id": "dungeons_mobs:watchling", "required": false},
    {"id": "dungeons_mobs:snareling", "required": false},
    {"id": "dungeons_mobs:wraith", "required": false},
    {"id": "zombiesmore:tank_zombie", "required": false},
    {"id": "zombiesmore:boomer_zombie", "required": false},
    {"id": "zombiesmore:cursed_zombie", "required": false},
    {"id": "zombiesmore:explosive_zombie", "required": false},
    {"id": "luminous_nether:zombie_piglin_cultist_leader", "required": false},
    {"id": "luminous_nether:ember", "required": false},
    {"id": "luminous_nether:soul_ember", "required": false},
    {"id": "luminous_nether:crimson_walker", "required": false},
    {"id": "luminous_beasts:mummy", "required": false},
    {"id": "luminous_beasts:red_mummy", "required": false},
    {"id": "luminous_beasts:ember", "required": false},
    {"id": "luminous_beasts:soul_ember", "required": false},
    {"id": "luminous_beasts:pumpkin_minion", "required": false},
    {"id": "luminous_beasts:scarecrow_minion", "required": false}
  ]
}